id,label,survey,peak_val,rise_time,decay_time,amplitude,color_g_r,has_color
ZTF21aaxzdxd,SN_Ia,ZTF,3.657023629925057,9.778559993967065,40.11716920601612,2.657023629925057,0.0619909648686842,1
ZTF25aaadxsn,SN_Ia,ZTF,2.39704218142491,7.1170471196310245,6.905649680433271,1.39704218142491,0.03729006586530295,0
ZTF26abhmgla,SN_Ia,ZTF,1.7391762355437974,10.159318467442064,9.857556532762828,0.7391762355437974,0.0510501453985163,1
ZTF19aasgajm,SN_Ia,ZTF,1.075705769126882,356.8257851698072,2273.1124092298924,0.0757057691268818,0.03729006586530295,0
ZTF21abousji,SN_Ia,ZTF,2.734040529896168,0.0,30.00203699991107,1.7340405298961676,-0.1252045990237569,1
ZTF20acgznau,SN_Ia,ZTF,2.3316753301996327,9.830724748273497,30.094055351844872,1.3316753301996327,-0.0101106951979978,1
ZTF20acjjkhr,SN_Ia,ZTF,2.255776409921947,11.417680960934376,3.530467139236862,1.255776409921947,-0.1570288836323214,1
ZTF19aaksrlb,SN_Ia,ZTF,15.849665630636933,18.881874653285195,75.05545174679719,14.849665630636933,-0.2815330228558146,1
ZTF18aaqjqqc,SN_Ia,ZTF,3.33555259514994,6.746680275304243,18.116085924440995,2.33555259514994,0.03729006586530295,0
ZTF18abhbqbh,SN_Ia,ZTF,4.196437768071065,12.801648978820594,36.189276920886186,3.196437768071065,0.3500723986784919,1
ZTF20aaxccrm,SN_Ia,ZTF,4.738430302867802,13.206886302526982,42.71163229751983,3.738430302867802,-0.0970946714001463,1
ZTF19abitbcj,SN_Ia,ZTF,11.1192944497319,13.916865583443723,70.00605111669574,10.1192944497319,-0.1603599842529206,1
ZTF22aallgci,SN_Ia,ZTF,4.557351466238428,8.148363803033135,49.763221797082224,3.557351466238428,-0.0412461138962676,1
ZTF22abmpqbq,SN_Ia,ZTF,3.455241277022632,9.38748429640691,24.578140703313693,2.455241277022632,0.1293143086018382,1
ZTF25abhoijc,SN_Ia,ZTF,3.5961442726822863,0.0,39.0109954001382,2.5961442726822863,0.1452116137055483,1
ZTF21aaocibg,SN_Ia,ZTF,4.469679466996234,14.321992027078522,47.63619087266852,3.469679466996234,0.277000457375582,1
ZTF23aaahuzf,SN_Ia,ZTF,5.252729969241144,13.15899073217588,50.710256967911846,4.252729969241144,0.0576422060275234,1
ZTF19aawyepw,SN_Ia,ZTF,2.362997714116898,11.252328988957744,22.67514781108912,1.362997714116898,0.4318493910779608,1
ZTF23aawmbkn,SN_Ia,ZTF,1.7838521977296753,8.351033181868843,23.60772841797734,0.7838521977296753,-0.0552795753397781,1
ZTF23abojjkh,SN_Ia,ZTF,2.6819724374243763,8.870547871440067,10.110516928732975,1.6819724374243763,0.03729006586530295,0
ZTF23aafxfeu,SN_Ia,ZTF,10.195997649330891,0.0,42.99798609968275,9.195997649330891,0.03729006586530295,0
ZTF22abyknqs,SN_Ia,ZTF,6.973064975907839,16.73371806787327,57.26650183228776,5.973064975907839,0.0862788793607833,1
ZTF22aajsbbl,SN_Ia,ZTF,5.6878983970334245,13.268190970862634,41.73951742916688,4.6878983970334245,0.2955542161279503,1
ZTF24abmuwqd,SN_Ia,ZTF,2.765545809551091,11.11401697374822,29.84319372581376,1.765545809551091,-0.0097559278362098,1
ZTF20aacedmi,SN_Ia,ZTF,8.608799102975784,9.824509110520012,46.03484268930333,7.608799102975784,0.0186529405966986,1
ZTF18abncdhd,SN_Ia,ZTF,1.0696219563992733,2520.579399823866,190.74654917586304,0.0696219563992732,0.3034028787783249,1
ZTF18absnqyo,SN_Ia,ZTF,3.9140031052086206,10.823754210978224,13.108768988844531,2.9140031052086206,0.3478877252544841,1
ZTF25abkqros,SN_Ia,ZTF,4.595793536115184,14.06083949747699,41.90130170249176,3.595793536115184,0.0235299863320896,1
ZTF25abehpyh,SN_Ia,ZTF,9.557874626459114,11.544010335630446,29.47845496419177,8.557874626459114,0.03729006586530295,0
ZTF20aamnvij,SN_Ia,ZTF,6.4069552533577365,13.703164303464291,58.05814349625143,5.4069552533577365,-0.1186945410442348,1
ZTF24abbsuhu,SN_Ib,ZTF,4.232522494402202,9.586794048314914,19.3188425519038,3.232522494402202,0.6951141936078749,0
ZTF24abyzgqo,SN_Ib,ZTF,3.823684941019333,8.866407727757178,9.137828372484364,2.823684941019333,0.6951141936078749,0
ZTF19aboqbjz,SN_Ib,ZTF,2.0458068642360185,9.790326642119908,14.26245115765778,1.0458068642360183,0.6951141936078749,0
ZTF19abgnbjr,SN_Ib,ZTF,1.8912386070666676,3.0500626959692454,28.89533080394904,0.8912386070666674,0.6951141936078749,0
ZTF19aalouag,SN_Ib,ZTF,1.0263872229465167,7.783499325123557,1541.132866374719,0.0263872229465167,0.5001608338412602,1
ZTF19abqwtfu,SN_Ib,ZTF,16.271509795109942,22.0488421226255,134.65542867748445,15.271509795109942,0.3600013050166168,1
ZTF24aaczfve,SN_Ib,ZTF,78.08304940654524,0.0,326.04151620017365,77.08304940654524,1.0300200415665817,1
ZTF22aapisdk,SN_Ib,ZTF,2.4555908854750266,9.67950862312864,14.398269076904398,1.4555908854750266,0.6935664801845256,1
ZTF25aboyusb,SN_Ib,ZTF,2.07958645876901,0.0,32.01646990003064,1.0795864587690098,1.235389510466085,1
ZTF19aapwnmb,SN_Ib,ZTF,3.451568962729948,10.91364846041688,14.049754339845094,2.451568962729948,0.6951141936078749,0
ZTF20acpzaoa,SN_Ib,ZTF,1.3194596096538296,5.621056668416713,10.358804431787576,0.3194596096538296,0.6966619070312241,1
ZTF19aarrdoz,SN_Ib,ZTF,1.4257244413456998,16.39179653950123,2.68403686027159,0.4257244413456997,0.6951141936078749,0
ZTF18aaygwqd,SN_Ib,ZTF,6.06375424434148,14.827715724139123,86.92109217598045,5.06375424434148,1.572764605698964,1
ZTF26abgeqzt,SN_Ib,ZTF,1.7625615708289095,0.0,34.99872690020129,0.7625615708289097,0.6951141936078749,0
ZTF21aaabzdr,SN_Ib,ZTF,1.2531420585182622,7.712590745795751,8.274967154342448,0.2531420585182622,0.6951141936078749,0
ZTF24aaneoyr,SN_Ib,ZTF,2.989126436500783,2.8122321834016475,13.177316516521389,1.9891264365007828,0.6951141936078749,0
ZTF20abmdacd,SN_Ib,ZTF,4.45931031511844,0.0,120.78806710010394,3.45931031511844,0.6931091367374833,1
ZTF19aarnqys,SN_Ib,ZTF,4.257681090561716,17.867460931614914,36.0056409682511,3.257681090561716,0.6951141936078749,0
ZTF20aawihxz,SN_Ib,ZTF,6.051194510442459,0.0,62.00606480007991,5.051194510442459,2.428323710136045,1
ZTF20abjtavx,SN_Ib,ZTF,4.179803907757796,0.0,93.87306720018388,3.179803907757796,1.0242899493097006,1
ZTF22aaxtias,SN_Ib,ZTF,6.86452203502914,14.735217061759611,74.12260703796346,5.86452203502914,0.9959885022097978,1
ZTF18abqbuaj,SN_Ib,ZTF,4.33555620063854,4.661528354685288,10.30047394504072,3.33555620063854,0.6951141936078749,0
ZTF21aagyidr,SN_Ib,ZTF,2.716135957338913,14.400721796446303,8.525227303493011,1.7161359573389126,0.6951141936078749,0
ZTF22abkabeh,SN_Ib,ZTF,4.523604157111319,16.027446512547613,40.9272294873881,3.5236041571113192,0.976750190537146,1
ZTF20abpzatb,SN_Ib,ZTF,1.901733973734682,14.563232814034563,14.417600485889125,0.901733973734682,0.0435502049639247,1
ZTF23abjzkmx,SN_Ib,ZTF,3.4313911659039245,9.357858493429376,45.41313680636813,2.4313911659039245,0.6306753969768444,1
ZTF22aajhsbn,SN_Ib,ZTF,3.137658594901554,15.011478110514872,30.94673948937998,2.137658594901554,0.6951141936078749,0
ZTF20abrcnbr,SN_Ib,ZTF,3.95573271145521,0.180851943725429,8.816532256612845,2.95573271145521,0.6951141936078749,0
ZTF22abemcpy,SN_Ib,ZTF,2.104124229073988,0.0,47.984108800075774,1.104124229073988,0.2117738455456042,1
ZTF20aajcdad,SN_Ib,ZTF,21.56327319614372,12.845692528644577,108.88253667135724,20.56327319614372,0.106201498414876,1
ZTF23abjrolk,SN_Ic,ZTF,6.723806827493188,8.564750128694868,52.30615257165482,5.723806827493188,0.9840014312263284,1
ZTF19aatheus,SN_Ic,ZTF,10.232545626477966,12.288392185997507,36.61940871428669,9.232545626477966,1.3238696482304668,1
ZTF22abmxsoc,SN_Ic,ZTF,8.598917091978564,13.010416661280033,58.90827543858177,7.598917091978564,0.6274099966988693,1
ZTF19aaaeqth,SN_Ic,ZTF,1.1391455750304325,891.5812276315773,1058.1403580682454,0.1391455750304324,0.5041074891502646,0
ZTF20aazkjfv,SN_Ic,ZTF,4.011413525855042,15.949410241308216,36.94946705902112,3.0114135258550423,0.9677611501354662,1
ZTF21aacufip,SN_Ic,ZTF,5.538929322854763,9.268248165768457,34.64559433395334,4.538929322854763,0.0941590659896185,1
ZTF20aavcvrm,SN_Ic,ZTF,3.5074435732569142,13.44809172625537,30.4235517741472,2.5074435732569142,0.5051043961526318,1
ZTF19abauylg,SN_Ic,ZTF,10.674882618876085,7.829836803037324,62.99459609713813,9.674882618876085,-0.0207140707885606,1
ZTF20abzoeiw,SN_Ic,ZTF,8.675553843313228,7.459327187934832,54.39092741200875,7.675553843313228,0.502411438686714,1
ZTF20accbsxa,SN_Ic,ZTF,3.2917182144712904,9.46252442117111,22.453447779051203,2.2917182144712904,0.1096822627261957,1
ZTF23aajpxbm,SN_Ic,ZTF,7.846543945505083,23.21184032006568,101.63021977975586,6.846543945505083,2.11420592473862,1
ZTF20abwxywy,SN_Ic,ZTF,23.97883340174531,14.006323103523757,118.72026249652843,22.97883340174531,0.3905396119802198,1
ZTF24abiwzzc,SN_Ic,ZTF,5.0090849628214364,13.06510154773423,44.71168085223326,4.0090849628214364,0.5041074891502646,0
ZTF24aazmqbf,SN_Ic,ZTF,4.340257999540517,14.28581198547181,62.54869031477574,3.3402579995405173,0.6979348355913082,1
ZTF22abztcly,SN_Ic,ZTF,6.740981677415561,66.643656061824,183.5844110382241,5.740981677415561,1.0503924722086353,1
ZTF26aavqbzd,SN_Ic,ZTF,5.8593921245089335,11.032791552788694,28.885854247309908,4.8593921245089335,0.302830217390472,1
ZTF26aapgavf,SN_Ic,ZTF,4.657316767711272,16.354086732681026,54.39511456740729,3.657316767711272,0.5041074891502646,0
ZTF24aayimjt,SN_Ic,ZTF,15.366966598863064,11.758095454715658,55.09507584496168,14.366966598863064,0.303604249684632,1
ZTF18aceqrrs,SN_Ic,ZTF,2.277778236860377,9.46265610500268,72.40989019482367,1.2777782368603772,1.2319337679995357,1
ZTF22aaafkvn,SN_Ic,ZTF,8.221435192775257,2.379639806531486,92.3300244935599,7.221435192775257,0.5041074891502646,1
ZTF21abraccv,SN_Ic,ZTF,18.30183614153323,15.4050884180906,80.39530518192623,17.30183614153323,0.2232189516553511,1
ZTF18abqtnbk,SN_Ic,ZTF,2.530546321094948,4.464465382916387,32.55339341709623,1.530546321094948,0.4322269478856171,1
ZTF24aaqyfob,SN_Ic,ZTF,2.8669630566630677,21.70177413649799,11.26504306322022,1.8669630566630675,0.5041074891502646,0
ZTF21abcgaln,SN_Ic,ZTF,20.669249714423767,9.107583927136147,111.7196961728332,19.669249714423767,0.4505086388605903,1
ZTF22abmonux,SN_Ic,ZTF,2.0945546592539133,9.53789781416708,28.42293548620364,1.0945546592539133,0.8193694494633448,1
ZTF18aaxiuyp,SN_Ic,ZTF,4.146100721433589,13.748330538204756,31.102780561850523,3.146100721433589,0.5041074891502646,0
ZTF19abqmsbk,SN_Ic,ZTF,3.4927237895650705,11.651214175006317,28.324503425435974,2.4927237895650705,0.5041074891502646,0
ZTF25abmsmeg,SN_Ic,ZTF,24.843272957345853,13.036002053784614,99.75375484638062,23.843272957345853,0.94824219888568,1
ZTF24aateouu,SN_Ic,ZTF,2.2447737982842453,16.893868658225983,16.065737841650844,1.2447737982842453,0.5041074891502646,0
ZTF24aawtoiv,SN_Ic,ZTF,8.777515552143068,13.68759266226698,87.19503473737859,7.777515552143068,0.3878399617341337,1
ZTF19aavtcjs,SN_II,ZTF,1.8003143360900429,0.0,80.86612270027399,0.8003143360900429,0.20459142140740735,0
ZTF20ablqacl,SN_II,ZTF,9.273890309663082,0.0,740.9572686003521,8.273890309663082,0.9061592123526658,1
ZTF26aayxjwn,SN_II,ZTF,1.4375668830275947,0.0,33.913541600093595,0.4375668830275947,0.669344960022972,1
ZTF19aarjfqe,SN_II,ZTF,1.8409025568076165,16.064456542721018,63.8562147573175,0.8409025568076163,0.117417199381304,1
ZTF19aaugaam,SN_II,ZTF,1.578004674453474,23.29237578393804,56.62456871611357,0.5780046744534739,0.2461772564153186,1
ZTF21aaluqkp,SN_II,ZTF,1.8801564129905013,11.19054717590916,81.59773982435581,0.8801564129905013,0.3007985071287002,1
ZTF20aaocqkr,SN_II,ZTF,3.5957524464447235,13.607076027248697,27.420319873090197,2.5957524464447235,0.20459142140740735,0
ZTF19acbmxky,SN_II,ZTF,2.3095839399773825,7.724389002542011,36.1942798976088,1.3095839399773823,-0.0249134198634344,1
ZTF25abghevu,SN_II,ZTF,2.9505964407665983,0.0,49.95370370009914,1.9505964407665983,0.0192037470903869,1
ZTF22aakelti,SN_II,ZTF,1.5273202214791244,6.560563530707441,38.45847586968739,0.5273202214791244,0.0042373276847946,1
ZTF20acusylb,SN_II,ZTF,11.49525162697962,21.976129720613244,524.6800970796758,10.49525162697962,0.1130835653321433,1
ZTF18aayyxxp,SN_II,ZTF,1.1864551266515757,2659.6613770210533,82.68377337889251,0.1864551266515755,-0.5398651880134757,1
ZTF19aavjlkx,SN_II,ZTF,2.9124319779052508,4.517923581952346,26.484379618363164,1.9124319779052508,0.0898650674905141,1
ZTF18abaeqpf,SN_II,ZTF,4.216893263603776,66.23268522707804,130.48827537275793,3.216893263603776,0.5435634878244073,1
ZTF23aamfqxc,SN_II,ZTF,26.043082195296524,0.0,188.7962269000709,25.043082195296524,0.1607640930370468,1
ZTF23aahqvtz,SN_II,ZTF,1.1726663162151172,23.68842359801056,35.2365301020327,0.1726663162151172,0.2778753710800679,1
ZTF21aclmgzk,SN_II,ZTF,1.0033896722876992,11.859376249201889,4.086676950733818,0.0033896722876991,0.20459142140740735,0
ZTF23aalcvlh,SN_II,ZTF,2.9312217341698577,0.0,31.053113400004804,1.9312217341698577,0.20459142140740735,0
ZTF21abvtynt,SN_II,ZTF,1.7045970544485225,7.320700723619666,65.52027147641638,0.7045970544485225,0.1630055863994961,1
ZTF18accnfrz,SN_II,ZTF,5.011029760784603,0.0,60.9955787002109,4.011029760784603,1.3242374716363765,1
ZTF25ablhedl,SN_II,ZTF,1.897546045771267,0.0,366.0554630002007,0.897546045771267,0.4690767358665404,1
ZTF23aalgqsq,SN_II,ZTF,17.283499028216575,49.08743579096336,357.9292193090805,16.283499028216575,0.3750821899740018,1
ZTF22abykdbm,SN_II,ZTF,1.3840508165396352,29.60893216079421,37.34763033918716,0.3840508165396352,0.450684859662946,1
ZTF21abghxht,SN_II,ZTF,3.3687865060598883,2.044113624113379,48.80321277564508,2.3687865060598883,-0.1707619475468043,1
ZTF21abmwzxt,SN_II,ZTF,12.208002166081227,9.927304227137938,99.82455917284824,11.208002166081227,0.0825142388303845,1
ZTF26aarjisj,SN_II,ZTF,1.3087102348273416,12.618688753223978,18.38278114667628,0.3087102348273416,0.2849317811633298,1
ZTF19aapreza,SN_II,ZTF,10.260209219944668,6.7262161487306,96.23663105102604,9.260209219944668,0.20459142140740735,0
ZTF24aagozyk,SN_II,ZTF,4.055291151014517,3.527871766826138,84.22793843294494,3.055291151014517,0.20459142140740735,0
ZTF26aaxeulr,SN_II,ZTF,6.269266124624337,21.516572478452872,12.465950721642002,5.269266124624337,0.20459142140740735,0
ZTF22abyrvsz,SN_II,ZTF,1.7965065517747667,23.028710199097983,17.888373101086472,0.7965065517747667,0.20459142140740735,0
ZTF21aaokvio,SLSN,ZTF,6.396737071318121,41.77910855140362,33.12217614885594,5.396737071318121,-0.0994048167186427,1
ZTF25aaexcaf,SLSN,ZTF,5.042156024531914,49.85428740752832,270.1780736924338,4.042156024531914,0.8058650270906327,1
ZTF23abofwba,SLSN,ZTF,2.9082834044054,45.95016241913254,26.050485780921008,1.9082834044054,0.556300033746421,1
ZTF19acykbce,SLSN,ZTF,1.9592237642400143,42.02097220020369,0.0,0.9592237642400144,0.1054790905500482,0
ZTF24aaysowl,SLSN,ZTF,34.67196057763593,43.47254373667238,265.4930349632705,33.67196057763593,-0.1847882626266503,1
ZTF25abwvblg,SLSN,ZTF,1.9659977331690728,195.257627400104,0.0,0.9659977331690732,0.1054790905500482,0
ZTF25abcydiy,SLSN,ZTF,5.314555323318579,31.391730888033635,40.4123432121778,4.314555323318579,-0.0500260468382585,1
ZTF18accdszm,SLSN,ZTF,1.2382061308814214,1780.972823999822,0.0,0.2382061308814214,1.317211957600982,1
ZTF25aakaxwv,SLSN,ZTF,3.854210397646063,42.030578699901525,0.0,2.854210397646063,0.1054790905500482,0
ZTF24abzwppf,SLSN,ZTF,3.065701074656503,0.0,129.8580440003425,2.065701074656503,0.2070525196573278,1
ZTF21abwujwt,SLSN,ZTF,1.658439836840698,24.844618594906933,50.0656708048773,0.6584398368406981,0.5200010643864204,1
ZTF21aaxwpyv,SLSN,ZTF,10.635088508541276,0.0,180.6450347001737,9.635088508541276,0.470092995798911,1
ZTF20aacbwbm,SLSN,ZTF,3.511440407014985,316.3066634210554,1931.7299801785705,2.511440407014985,0.0719835524079854,1
ZTF19aayvycv,SLSN,ZTF,3.113696629295368,0.0,2583.0301157999784,2.113696629295368,0.3499586558943406,1
ZTF25acfybcc,SLSN,ZTF,3.8642132729806913,22.678162007061477,38.30770609301544,2.8642132729806917,-0.1092193597009014,1
ZTF19aariuyd,SLSN,ZTF,1.6446190269367544,26.264608037570724,28.75283406217932,0.6446190269367544,0.5255918318561115,1
ZTF25aaaecsu,SLSN,ZTF,4.982458970752147,27.70558522150532,52.19892867819726,3.9824589707521474,0.0552438064780531,1
ZTF19aaadwfi,SLSN,ZTF,4.8934560163887975,48.16082496476884,111.5725778350461,3.8934560163887975,0.1054790905500482,1
ZTF19aarixve,SLSN,ZTF,1.406850147607258,23.39576687031513,50.50514752956224,0.4068501476072579,0.0735974356088,1
ZTF19acyjzbe,SLSN,ZTF,3.186992032640108,8.420938600545924,39.4581122996824,2.186992032640108,0.0348815809848268,1
ZTF25abmjfcf,SLSN,ZTF,30.10030049925604,46.711739444275736,40.1633647558192,29.10030049925604,-0.0494214243164776,1
ZTF19ackzvdp,SLSN,ZTF,2.219754228380623,22.015501995971132,84.84022720397479,1.2197542283806229,-0.0415982782626933,1
ZTF19abfvnns,SLSN,ZTF,8.326830662608906,32.05053339497681,2093.9681818050376,7.326830662608906,-0.1662685330140689,1
ZTF26aaaxopn,SLSN,ZTF,1.3412824547726865,0.0,32.99836809980479,0.3412824547726865,0.1054790905500482,0
ZTF20aclnqle,SLSN,ZTF,2.2003807909502155,72.49637468148285,160.19360211875028,1.2003807909502155,0.4219915612689995,1
ZTF21aappqmz,SLSN,ZTF,1.6874669631327757,11.96641027341684,13.917455426686502,0.6874669631327757,0.1054790905500482,0
ZTF24abdhylt,SLSN,ZTF,5.805043279414432,44.25551892964722,81.55659917034791,4.805043279414432,0.1652973085903646,1
ZTF19acmezdo,SLSN,ZTF,3.0519305982732075,65.24636992655724,217.0150999731195,2.0519305982732075,0.2888964799583853,1
ZTF20aaurzyt,SLSN,ZTF,2.277845721547577,140.1445905466535,226.8129557531356,1.277845721547577,0.0718224871054999,1
ZTF23aboebgh,SLSN,ZTF,5.523360833046483,25.470131915564707,115.32309728438122,4.523360833046483,0.4550414205263386,1
ZTF21abpbbvm,AGN,ZTF,2.06786892348731,0.7663370668306015,50.06735503306845,1.06786892348731,0.24042128341472585,0
ZTF20acvfraq,AGN,ZTF,12.830601847047756,91.15292009848054,975.8724387013644,11.830601847047756,-0.1357439760875785,1
ZTF18acbvgss,AGN,ZTF,1.24898247426999,1653.67765917597,1088.671125624183,0.2489824742699899,-0.0162584106443617,1
ZTF23abikzfr,AGN,ZTF,6.608144302391997,565.0534579027444,129.0554193975404,5.608144302391997,0.7508837998789453,1
ZTF24abwywkf,AGN,ZTF,2.162759971717103,165.65766768697358,131.33220501309552,1.162759971717103,-0.0925917346031148,1
ZTF20abbfgpw,AGN,ZTF,1.6240671607891852,2022.7357870000344,0.0,0.6240671607891852,0.130794336872313,1
ZTF21aagtqkc,AGN,ZTF,1.973428508391604,399.98544761003,1409.0396449898835,0.973428508391604,0.2156826590644733,1
ZTF19abcegcy,AGN,ZTF,13.373358192085451,2321.127992289461,273.84094291055226,12.373358192085451,0.004478679395099,1
ZTF19aalfyyn,AGN,ZTF,2.6596238688986085,1105.7073823920218,894.6177912080893,1.6596238688986085,0.4650951385274986,1
ZTF25acgtfmh,AGN,ZTF,1.4801644132047431,35.80302571960783,146.88420808046067,0.4801644132047431,-0.1975380354749454,1
ZTF18abuoilc,AGN,ZTF,2.592680683776704,396.0167155326635,2230.8941641673155,1.5926806837767038,-0.141806795111627,1
ZTF18acdvony,AGN,ZTF,5.677339721737844,2648.7890047002584,0.0,4.677339721737844,0.1235086922093557,1
ZTF19aayiili,AGN,ZTF,2.1422007553269182,722.0579218824641,1558.7282123177065,1.1422007553269182,0.0776211446524968,1
ZTF18adalicz,AGN,ZTF,4.177440686636792,40.97157104924554,2676.809308550736,3.177440686636792,-0.1000144103317843,1
ZTF18acwyvak,AGN,ZTF,9.59158549869143,1244.7318899940583,1137.014707206108,8.59158549869143,0.2406306292959463,1
ZTF18aaxqitv,AGN,ZTF,1.973476455003612,42.45390886536916,28.54044293470361,0.973476455003612,-0.0062124815226738,1
ZTF25achvfus,AGN,ZTF,1.8259637385967529,60.92948490152776,26.93259839849634,0.8259637385967527,0.3439413014251826,1
ZTF18acgbcgo,AGN,ZTF,2.980200772127482,2643.335372198031,139.8590144020127,1.980200772127482,0.1194422293569061,1
ZTF23abbbawg,AGN,ZTF,1.7912196283965198,30.8906123175766,38.964295082398166,0.7912196283965198,0.2043671360864678,1
ZTF19aaiqmgl,AGN,ZTF,10.68587347552254,12.117033023620024,2399.1725386760663,9.68587347552254,0.2884600239811803,1
ZTF21abkqvdo,AGN,ZTF,3.1620075032470387,0.0,84.85787039995193,2.1620075032470387,0.2402119375335054,1
ZTF19abmmksy,AGN,ZTF,2.8955096164911875,227.15381247735783,1279.6331436224357,1.8955096164911875,0.1129668957835896,1
ZTF21aaltbzp,AGN,ZTF,2.8472923619727952,710.6926042051637,1150.1998725951998,1.8472923619727952,0.7305911398428044,1
ZTF18acuavde,AGN,ZTF,2.301689559198644,1902.4844539120456,420.1806155879385,1.301689559198644,0.4718421617945232,1
ZTF24aaiiosm,AGN,ZTF,1.1160034607829477,2.132673599757254,0.0,0.1160034607829476,0.2497126454308329,1
ZTF24aapsitb,AGN,ZTF,1.199695812847409,0.0,799.8534143003635,0.1996958128474089,0.1856336841302415,1
ZTF21aaqqwsa,AGN,ZTF,3.502864084395137,1136.7344934407083,616.8326708593013,2.502864084395137,0.3512481749066687,1
ZTF21aaihchs,AGN,ZTF,2.831213839338339,1947.8204607964144,39.95529150351649,1.8312138393383388,0.0080287228716429,1
ZTF20aagmuni,AGN,ZTF,1.1800859452382453,396.9990162001923,0.0,0.1800859452382452,0.24042128341472585,0
ZTF20acnviht,AGN,ZTF,1.4497228112657352,0.0,341.10344900005293,0.4497228112657352,-0.6419295500960303,1
ZTF20achxjie,AGN,ZTF,3.07879412361176,451.8782857583137,1639.372385541792,2.07879412361176,0.124748418401122,1
ZTF20abrbeie,AGN,ZTF,15.699070815408422,284.11628162409033,1203.7558247757624,14.699070815408422,0.4545187713811529,1
ZTF18aaqzhib,AGN,ZTF,5.452689822624251,2457.001308663253,259.3501381366732,4.452689822624251,-0.0537756944591372,1
ZTF19aazdroc,AGN,ZTF,6.383444592771305,1869.7979564863344,714.1589417135256,5.383444592771305,0.9312997073483872,1
ZTF20acwyoqx,AGN,ZTF,7.366882975182636,1943.6653935001232,0.0,6.366882975182636,0.2580307877702772,1
ZTF20acngcej,AGN,ZTF,2.711581704081192,380.4017509909536,1265.2493022090491,1.7115817040811914,0.0138282672149117,1
ZTF20aanzldk,AGN,ZTF,7.103632240116952,743.0492940000258,0.0,6.103632240116952,0.24042128341472585,0
ZTF22aaqccka,AGN,ZTF,1.5820172985781331,0.0,726.0592476995662,0.5820172985781331,0.2683552671736109,1
ZTF24abysuvn,AGN,ZTF,1.6746888370123991,16.680611157265957,158.02684254251653,0.6746888370123991,0.2211043568738659,1
ZTF18abrzevn,AGN,ZTF,9.230169328586886,2619.8670240483407,95.51598525176088,8.230169328586886,0.021856310366676,1
ZTF24aalnrat,AGN,ZTF,3.259273329071628,258.97358040189283,419.12829459780914,2.259273329071628,-0.1226078028384058,1
ZTF22abzzvgm,AGN,ZTF,1.7983058420518458,771.1928315878322,518.4489624119888,0.7983058420518458,0.4994735167844517,1
ZTF22abnfjsm,AGN,ZTF,3.29739416074858,0.0,804.9939468000084,2.29739416074858,0.5716157983096153,1
ZTF19abcudso,AGN,ZTF,1.7279561042758755,2443.7139709481125,12.341989752261725,0.7279561042758755,0.489729850210626,1
ZTF19aadkzep,AGN,ZTF,6.828056066375726,2151.6482670023543,412.2918834974553,5.828056066375726,-0.001692068157908,1
ZTF21aalxxzn,AGN,ZTF,4.518387287170699,269.93970442609134,1357.8785131736731,3.5183872871707,0.4088587481782042,1
ZTF18adbilfq,AGN,ZTF,5.010165071714101,491.20120661656256,2150.664742483321,4.010165071714101,0.591371052340758,1
ZTF18abmwqkr,AGN,ZTF,6.681065499657861,1550.7150855929794,1280.4069514070434,5.681065499657861,0.049465051994364,1
ZTF18abtgnxs,AGN,ZTF,6.369601061819441,310.31193002513464,2159.7710329749243,5.369601061819441,2.08529654659501,1
ZTF20acczeov,AGN,ZTF,2.6922044985920888,876.4918492838115,959.5279192159652,1.6922044985920888,0.2412823179164824,1
ZTF22abexepc,AGN,ZTF,2.070304759831934,0.0,146.78806710009667,1.070304759831934,0.3775466692833973,1
ZTF19accskvu,AGN,ZTF,9.512512845287704,490.2439862558458,581.8280276443038,8.512512845287704,0.2841627526386041,1
ZTF24aafaxvf,AGN,ZTF,1.6964985907430274,67.41867860897037,37.396298290914274,0.6964985907430274,-0.0818132956652064,1
ZTF23aaslxmh,AGN,ZTF,2.559746996424092,311.0684064663073,774.9423459336103,1.5597469964240922,0.4704923849536726,1
ZTF19abcsyho,AGN,ZTF,3.5208419439391574,1046.867695423105,1433.2117258768703,2.5208419439391574,0.0164847800638376,1
ZTF24ablzlmw,AGN,ZTF,1.7651903321728637,544.6998957996257,0.0,0.7651903321728635,-0.0515512068468808,1
ZTF22aabuamq,AGN,ZTF,1.473852746658327,99.8239810251398,231.25888937490527,0.4738527466583271,0.1483564713914091,1
ZTF25aavthiz,AGN,ZTF,1.684199169294925,0.2903997999965213,28.60438029986836,0.684199169294925,0.24042128341472585,0
ZTF21abycgve,AGN,ZTF,1.0004631909855797,1795.999467600137,0.0,0.0004631909855794,-0.2405866925843156,1
ZTF18aarsnci,AGN,ZTF,2.6578466752395014,2792.986783941524,14.105993858291184,1.6578466752395014,0.1086426182912454,1
ZTF18aapzqup,AGN,ZTF,5.256155505446716,109.77986867343134,202.3086151267489,4.256155505446716,0.4446452709626527,1
ZTF21acnwaqk,AGN,ZTF,5.030704443822722,1052.8388383468846,558.8144603533437,4.030704443822722,0.3325332302068631,1
ZTF18aclgopa,AGN,ZTF,2.767290080272984,528.0308161206049,2098.9224940794084,1.7672900802729838,0.1498126007682501,1
ZTF20aasivtu,AGN,ZTF,8.286808476844595,1010.8773242866372,1152.1827567138023,7.286808476844595,0.4726665710153241,1
ZTF23abbzfyu,AGN,ZTF,2.5551674340687307,801.8077979287555,74.89413497136411,1.5551674340687307,-0.1725715925885644,1
ZTF20abgxlut,AGN,ZTF,4.280957429124897,90.1414959749818,236.00682582541776,3.2809574291248973,0.1613914456873253,1
ZTF19abiagjr,AGN,ZTF,1.3719346282641331,14.360330577808782,11.618812922046343,0.3719346282641331,0.4847360128225837,1
ZTF18actacxn,AGN,ZTF,1.847042266428447,2618.9402545997946,0.0,0.8470422664284469,0.186468095087406,1
ZTF19aahkvpi,AGN,ZTF,11.574153944110394,1538.589493676489,1147.1939207236935,10.574153944110394,1.6402012034319746,1
ZTF22abveoak,AGN,ZTF,1.5437321738985317,67.01388890016096,0.0,0.5437321738985315,-0.0338400769949629,1
ZTF18aaadtdc,AGN,ZTF,8.031681985045505,2719.249823533166,113.89528056683048,7.0316819850455055,1.3212107234478587,1
ZTF19aaodsna,AGN,ZTF,2.9531622289875403,0.0,2344.709259300027,1.9531622289875403,-0.0843319586592343,1
ZTF18abuxiwj,AGN,ZTF,4.121521934739769,19.42433521809289,624.8161161820753,3.1215219347397687,0.2472808203577763,1
ZTF20abbhlct,AGN,ZTF,2.657404016018199,370.4646502316755,1427.6442618684086,1.6574040160181989,0.0072691927146486,1
ZTF18abcdzte,AGN,ZTF,5.500540921886656,2244.9140625,0.0,4.500540921886656,1.7544899411579171,1
ZTF22aabwxtw,AGN,ZTF,2.352281633964788,249.45096159059176,538.4973139098511,1.3522816339647878,0.5597363730722975,1
ZTF19aaleryb,AGN,ZTF,2.389403177383832,945.196373560102,154.7689968402483,1.3894031773838311,0.3818950566781574,1
ZTF20aaodhzr,AGN,ZTF,2.2374685614971384,0.0,1922.8141898000613,1.2374685614971384,0.9899311948830308,1
ZTF20acgcnjt,AGN,ZTF,2.3876296583267584,0.0,1526.8559027998708,1.3876296583267584,-0.0531309444381307,1
ZTF20aanxcpf,AGN,ZTF,21.920992462747314,56.411518356784654,1814.5705071431369,20.920992462747314,0.1826792890268009,1
ZTF18adbzccu,AGN,ZTF,5.273950761457751,0.0,2684.712592599913,4.273950761457751,0.7658616929863626,1
ZTF18abtvinn,AGN,ZTF,4.173892686076617,2359.201243492694,323.54759910757275,3.173892686076617,0.2679744059487348,1
ZTF18aarybyq,AGN,ZTF,3.109637977008377,2579.728857700735,150.94158209951274,2.109637977008377,1.8057258490261,1
ZTF20ackgsov,AGN,ZTF,4.936387833244522,271.4377945376982,1317.271649962342,3.936387833244522,0.4844477225619243,1
ZTF20aanlygx,AGN,ZTF,9.095212939797277,2391.3564003999345,0.0,8.095212939797277,0.3695620012178082,1
ZTF19aackqmg,AGN,ZTF,2.056611490082191,1132.04988971477,993.2135824856014,1.056611490082191,0.265341020878278,1
ZTF18aajupnt,AGN,ZTF,2.259223979124884,55.17473651761247,310.817682382527,1.2592239791248834,-0.0993660803752973,1
ZTF19aaojljx,AGN,ZTF,5.215106954706024,1281.1344171879537,1194.067029612066,4.215106954706024,0.0324037593371784,1
ZTF20acppvpy,AGN,ZTF,1.0000944132688117,5.02078100482322,4.970573194768804,9.441326881165502e-05,0.24042128341472585,0
ZTF18aakaajs,AGN,ZTF,2.9917669559564435,2222.2570230528,45.58475944723614,1.991766955956444,0.3570064675753777,1
ZTF25acgfnwz,AGN,ZTF,1.158896391362815,5.002592599958007,0.0,0.1588963913628149,0.24042128341472585,0
ZTF22abfshro,AGN,ZTF,5.72335582282212,40.76132886635605,635.197374834097,4.72335582282212,0.0284474480320682,1
ZTF18acqzdbs,AGN,ZTF,5.911902197935465,2562.057083299849,0.0,4.911902197935465,0.403314535273001,1
ZTF18abnuhuy,AGN,ZTF,6.328942900612808,507.6719314156581,1956.3942722847205,5.328942900612808,0.3869837268271894,1
ZTF23abqkwzr,AGN,ZTF,3.485214130549936,76.03652643013629,293.0188091697928,2.485214130549936,0.0821945862613127,1
ZTF18aailsee,AGN,ZTF,4.35088890740928,1958.3044126884413,218.80496231155848,3.35088890740928,0.1018154047135837,1
ZTF23absjgzg,AGN,ZTF,4.491384442413467,92.97758654471544,677.9615685551908,3.491384442413467,0.24042128341472585,0
ZTF23aahbtjx,AGN,ZTF,2.62135805020438,104.79980143567082,458.8531846642727,1.62135805020438,-0.0643839261571912,1
ZTF18acessji,AGN,ZTF,3.94991021666233,1933.2883971387564,874.9188366613307,2.94991021666233,0.8028879135393687,1
ZTF18aagfjja,AGN,ZTF,17.724428659267602,1739.9056148773889,769.0887138226171,16.724428659267602,2.010676803370721,1
ZTF18abwckas,AGN,ZTF,2.4143783129375143,1665.8853960542328,1242.1075321456956,1.4143783129375145,0.6205165563020891,1
ZTF18aagkxhb,AGN,ZTF,2.064528924822059,2.601196491457813,515.0369053084214,1.064528924822059,1.377189381287085,1
ZTF23abihmun,AGN,ZTF,2.532855801745778,24.468654045136645,40.45484135462903,1.5328558017457778,0.14204503409956,1
ZTF21abrthxx,AGN,ZTF,3.6141256687741374,1.580492160806898,61.32309583941242,2.614125668774137,-0.0336062251829112,1
ZTF21abjvmva,AGN,ZTF,1.967834543998726,376.2518816321463,403.6869146678291,0.967834543998726,0.24042128341472585,0
ZTF20abshfkf,AGN,ZTF,2.2804061355439003,439.5167618452688,711.3231803548406,1.2804061355439005,-0.0364976902244578,1
ZTF21achafqr,AGN,ZTF,4.095882715263677,199.23380549450667,1325.671090405769,3.095882715263677,0.24042128341472585,0
ZTF19aaapljd,AGN,ZTF,3.958530459500076,157.6839670613117,2457.241820038791,2.9585304595000763,0.8963021088088148,1
ZTF19abnxjzp,AGN,ZTF,2.086683890565437,979.6895337768436,1341.2416236230565,1.0866838905654372,0.7341900908766661,1
ZTF19adgeyju,AGN,ZTF,5.440403090754785,11.245973152770604,1107.7283555476895,4.440403090754785,0.6122718650874965,1
ZTF21abaauot,AGN,ZTF,3.2947400499660087,1.4548199326673057,143.29976336742402,2.2947400499660087,0.1389403212110451,1
ZTF19aarepdu,AGN,ZTF,2.081282882104595,82.93693363112834,702.9892469685947,1.081282882104595,0.3515696416157681,1
ZTF18aalperi,AGN,ZTF,9.876489440005797,94.122130850752,2581.635589049234,8.876489440005797,0.3879023083964164,1
ZTF21abxowzx,AGN,ZTF,9.41078820434936,89.50372231658548,1691.6203517834729,8.410788204349359,0.0261825968085425,1
ZTF21aatlewl,AGN,ZTF,2.926018767378176,148.7755147236312,1824.979647276552,1.926018767378176,0.0295000912710463,1
ZTF18aamfsxv,AGN,ZTF,1.9402509931861536,348.52617106783146,2425.742150632097,0.9402509931861538,-0.0464470753978005,1
ZTF18adolobd,AGN,ZTF,36.713652747757166,642.622744935943,450.38517166450765,35.713652747757166,1.3123139766405174,1
ZTF18abfkres,AGN,ZTF,19.176352128034043,657.4299099587879,2186.669048341173,18.176352128034043,1.1179250003721677,1
ZTF22abebxpb,AGN,ZTF,1.1813248477693516,93.7497916999273,0.0,0.1813248477693516,0.5155478136071991,1
ZTF18abyxjyc,AGN,ZTF,11.34374006414422,1434.358523306524,1391.753814693453,10.34374006414422,1.744638670729831,1
ZTF18aaofsmp,AGN,ZTF,1.6031358736440344,0.0,2526.130034700036,0.6031358736440344,0.6929573232771702,1
ZTF22aavqjqd,AGN,ZTF,3.395593509187232,35.19320497384615,22.68652882611059,2.395593509187232,0.0638146232243173,1
ZTF19aaoiawb,AGN,ZTF,3.134376284666402,2322.473673052831,175.75476444724336,2.134376284666402,-0.2330471471961708,1
ZTF20aafeoka,AGN,ZTF,1.0885911937098671,385.68665200987016,29.187097989932223,0.0885911937098673,0.2663986168170389,1
ZTF20aafdzfo,AGN,ZTF,10.0689510181927,809.2390098000033,695.7942887999961,9.0689510181927,-0.1676758732518806,1
ZTF18abxnvoz,TDE,ZTF,3.0106393000714475,27.28043621409597,30.47282768596051,2.0106393000714475,-0.1899923811941057,1
ZTF24aaoxmyb,TDE,ZTF,1.876538039385568,124.74010409973562,0.0,0.8765380393855677,0.2820687179082668,1
ZTF21aaeoitd,TDE,ZTF,1.7537669354436451,22.7483910306546,36.04290526935074,0.7537669354436451,-0.1499119321893616,1
ZTF20acyydkh,TDE,ZTF,1.7813331256726237,0.4525672341696918,44.57787256548181,0.7813331256726237,-0.0040591224937429,1
ZTF21aaaokyp,TDE,ZTF,4.019345049042409,30.4019331602467,98.32114553952852,3.0193450490424087,-0.2922391545960323,1
ZTF18aabuoxd,TDE,ZTF,1.0223948456196457,10.488402719594887,2076.7037384803552,0.0223948456196456,1.1981143307080906,1
ZTF20aahmtso,TDE,ZTF,3.481018152472647,961.4328267763776,1289.4510853236134,2.481018152472647,-0.2894885054570046,1
ZTF18aabkvpi,TDE,ZTF,20.430083620419857,268.9356861076376,95.1337120925018,19.430083620419857,-0.1425500976562457,0
ZTF17aaazdba,TDE,ZTF,22.668994035632597,141.18588684218412,1614.8135807574872,21.668994035632597,-0.2037061123017576,1
ZTF25abxcnsf,TDE,ZTF,1.5064372788017353,12.51413351161318,30.42229008857976,0.5064372788017353,-0.1252002443090134,1
ZTF24abfaake,TDE,ZTF,2.122969395702756,27.22153231807169,53.63048158187303,1.1229693957027551,-0.5000724353895976,1
ZTF24abmaujk,TDE,ZTF,3.553436926194838,17.286472178893746,22.713620421112864,2.553436926194838,-0.1425500976562457,0
ZTF22abkfhua,TDE,ZTF,5.61573261899329,47.47531203518884,330.42817176493554,4.61573261899329,-0.1119004097079283,1
ZTF22aadesap,TDE,ZTF,8.259901220242469,119.8649250346716,1283.2597856653374,7.259901220242469,0.2341393494215395,1
ZTF25aafofcs,TDE,ZTF,5.160519835075486,27.288079276382632,108.47011512361496,4.160519835075486,-0.1151439388645876,1
ZTF21abaxaqq,TDE,ZTF,5.156870805371798,726.3806935800822,22.581783220106445,4.156870805371798,1.5833684897199696,1
ZTF24aaecooj,TDE,ZTF,7.336461958423466,24.02419778543117,257.20023511465115,6.336461958423466,-0.15258256448395,1
ZTF23aapyidj,TDE,ZTF,3.045555198206302,19.402089378840174,70.38897542092309,2.045555198206302,-0.2444309259134058,1
ZTF24abyhjvc,TDE,ZTF,4.727729207287072,23.0636841688829,58.89476493126131,3.727729207287072,-0.302644984577995,1
ZTF25aajjeon,TDE,ZTF,1.643147844271741,20.736941058152297,27.24737604152324,0.6431478442717411,-0.3357018905634668,1
ZTF22aavvqyh,TDE,ZTF,4.013707309577243,0.0,121.74038200033829,3.013707309577243,-0.4076682483760017,1
ZTF22aaddwbo,TDE,ZTF,1.9345051300983265,17.879030576892546,62.98294862314651,0.9345051300983264,-0.2608239734240953,1
ZTF21abhrchb,TDE,ZTF,2.7031323529014406,22.154687328686123,56.57357657146349,1.7031323529014406,0.0842302121221685,1
ZTF24abmybnp,TDE,ZTF,5.185674685202335,32.44493606076139,99.32123283907276,4.185674685202335,-0.0292820167913276,1
ZTF26aabpzxh,TDE,ZTF,1.3953550571682136,39.88091439987329,0.0,0.3953550571682136,0.1343540971633139,1
ZTF25aagfhmz,TDE,ZTF,1.8377998505826405,301.2441842894186,139.54693831054465,0.8377998505826405,0.0267464349738908,1
ZTF23abvzeqp,TDE,ZTF,1.2908934746817653,27.224431776470738,36.51276732372935,0.2908934746817653,-0.1372131622612755,1
ZTF18aabkvpi,TDE,ZTF,20.430083620419857,268.9356861076376,95.1337120925018,19.430083620419857,-0.1425500976562457,0
ZTF22aagyuao,TDE,ZTF,1.5082206654511554,2.6642038804275217,21.434731219822424,0.5082206654511554,-0.614884136637162,1
ZTF22abajudi,TDE,ZTF,2.199507582306318,0.0,97.76679399982096,1.199507582306318,-0.1719663431104834,1
ZTF20abisysx,TDE,ZTF,9.60554928270884,132.34350136427383,452.9088713355086,8.60554928270884,1.7737130754021564,1
ZTF25aagevje,TDE,ZTF,2.5198695588123874,27.13316901255166,37.92105548741529,1.5198695588123874,-0.2896415277892465,1
ZTF18aahqkbt,TDE,ZTF,2.22068940249413,995.1623820704554,1610.5917499298084,1.2206894024941302,0.4337996630884966,1
ZTF20accxwrk,TDE,ZTF,1.8391066631727908,354.3744809703858,1551.585565329813,0.8391066631727908,-0.160984225694527,1
ZTF18aabdajx,TDE,ZTF,7.614864927282491,1381.8818058373363,73.11543946229358,6.614864927282491,-0.4132280779430672,1
ZTF26aadsfxv,TDE,ZTF,1.968548546339048,0.0,33.9721991000697,0.968548546339048,-0.1754892135431127,1
ZTF23aadcbay,TDE,ZTF,10.47829937094994,0.0,238.62142369989303,9.47829937094994,-0.0407871219257458,1
ZTF21abqtckk,TDE,ZTF,1.9454174323261664,34.05262712710828,10.824676172851468,0.9454174323261666,0.0034326362131125,1
ZTF22aaaekqh,TDE,ZTF,5.208581587674465,0.0,40.92131939996034,4.208581587674465,-0.1425500976562457,0
ZTF21aapvvtb,TDE,ZTF,1.6889697239490389,6.170355708527495,37.683243791383575,0.6889697239490389,0.0193103971480326,1
ZTF25aaknwwy,TDE,ZTF,1.0220813106958893,101.85752533187042,39.888261668420455,0.0220813106958892,-0.1425500976562457,0
ZTF19acspeuw,TDE,ZTF,3.575852992063448,0.0,57.99796289997175,2.575852992063448,-0.1430956354459454,1
ZTF21aakfqwq,TDE,ZTF,3.0034945138656672,13.231404253288929,41.62379254679399,2.0034945138656672,-0.1940309571852623,1
ZTF25aafywpr,TDE,ZTF,4.162165511984919,10.919549585931236,21.03619111407897,3.1621655119849192,-0.1670228266466296,1
ZTF24abmzcpa,TDE,ZTF,3.9416367607728473,32.25000277386425,101.4531337261069,2.9416367607728477,-0.2294090831935094,1
ZTF22aabimec,TDE,ZTF,2.2054751209459225,23.78597849245125,55.1041835075157,1.2054751209459225,-0.1786885681308021,1
ZTF22abegjtx,TDE,ZTF,2.479332779788291,682.3304840301062,498.39791876981326,1.4793327797882911,1.3223171086464376,1
ZTF25aaptkov,TDE,ZTF,2.035370315062784,21.810103643249025,33.129271356825484,1.0353703150627842,-0.1425500976562457,0
ZTF19aakswrb,TDE,ZTF,5.940630231790727,9.442621842732478,89.45641745743342,4.940630231790727,-0.0945343238833942,1
ZTF18acecugr,TDE,ZTF,6.354929697575226,2579.752875449223,94.05349025074976,5.354929697575226,-0.192883317103325,1
ZTF21abcgnqn,TDE,ZTF,1.9526691665276776,24.95864786735183,87.92250953272742,0.9526691665276776,-0.4161543309842344,1
ZTF22aaqqapy,TDE,ZTF,2.468165963610435,27.449179096023727,49.48584400409891,1.468165963610435,0.1584904617187312,1
ZTF25abxvhmk,TDE,ZTF,2.5031551366219715,16.034009748713288,47.78134905116895,1.5031551366219715,-0.1704905936289797,1
ZTF19abidbya,TDE,ZTF,1.944716782881851,5.782616795979266,30.178031404029756,0.944716782881851,-0.1373310023589695,1
ZTF23aaqdjhi,TDE,ZTF,4.201745332567753,7.741255129614728,27.27033057024528,3.2017453325677527,-0.1425500976562457,0
ZTF19aarioci,TDE,ZTF,6.944493356392393,20.590714339195983,294.6056051607884,5.944493356392393,-0.1146325224119415,1
ZTF20acqoiyt,TDE,ZTF,3.645863211884987,20.826045404064644,20.207449996029027,2.645863211884987,-0.1599639016538354,1
ZTF24aahgxiz,TDE,ZTF,1.5738871211173882,26.650536355708027,18.294012244172336,0.5738871211173882,-0.2424892061257573,1
ZTF21abbxhhx,TDE,ZTF,2.5689889994531687,43.004281097521016,40.89622810254514,1.5689889994531687,0.9427806495876928,1
ZTF19aabbnzo,TDE,ZTF,2.789070505402849,20.67658222612954,60.00263077386626,1.789070505402849,-0.3079590966233034,1
ZTF24abwsfdk,TDE,ZTF,1.6294734253935017,23.98978527048166,38.82557352986623,0.6294734253935017,-0.6538856662503711,1
ZTF24aazlori,TDE,ZTF,2.5670665312119443,21.77509511305834,36.00149058693205,1.5670665312119445,-0.0785763559942189,1
ZTF24aasteui,TDE,ZTF,2.65500071991079,0.0,400.9384027998895,1.65500071991079,0.0618003576144694,1
ZTF25aaplxiz,TDE,ZTF,1.5316147399391142,17.81531548964267,19.11434891076351,0.5316147399391142,-0.1425500976562457,0
ZTF21aanxhjv,TDE,ZTF,21.453646893243334,57.72945747135236,660.2806698285785,20.453646893243334,1.3421009600994296,1
ZTF21aauuybx,TDE,ZTF,3.192707265013762,13.999249018110277,50.7879731819703,2.192707265013762,0.4483915238315283,1
ZTF22aaaedas,TDE,ZTF,4.206244881367553,0.0,99.81467589968815,3.206244881367553,-0.3981635076038188,1
ZTF25abuovxv,TDE,ZTF,5.451540578769579,73.40549331308284,116.3048075869592,4.451540578769579,-0.0461760992236932,1
ZTF23abkixdb,TDE,ZTF,2.7134789379330058,25.32758790756634,9.673731492468503,1.7134789379330058,-0.1701751542819494,1
ZTF24aaahxwr,TDE,ZTF,3.9166693019489895,17.532178958244913,88.19217294145346,2.916669301948989,-0.0964619145540908,1
ZTF25acfyeke,TDE,ZTF,2.36778765550518,45.03431899894349,15.930507400982606,1.3677876555051798,-0.4578363567802519,1
ZTF20acnznms,TDE,ZTF,4.239132990162493,36.678644962841645,177.9993064373266,3.239132990162493,-0.0453616611884122,1
ZTF20abwtifz,TDE,ZTF,6.043732403795962,14.812659127637744,722.1171324723255,5.043732403795962,-0.1784828273464853,1
ZTF24abjfuew,TDE,ZTF,2.9543405822207798,8.711016948764154,47.20809185136022,1.9543405822207796,-0.4314033403128512,1
ZTF18abxftqm,TDE,ZTF,7.570286759460961,41.55362717084063,276.491442329032,6.570286759460961,-0.2860117519639047,1
ZTF20acitpfz,TDE,ZTF,4.192881120667658,18.12379535986838,15.901065740261402,3.192881120667658,-0.1632739773722527,1
ZTF24aatxshz,TDE,ZTF,2.9070479711095483,33.993460544726986,53.859768655282096,1.9070479711095485,-0.3782094684495085,1
ZTF22aadgefj,TDE,ZTF,3.405455375657093,0.0,179.80327549995854,2.405455375657093,-0.1756556750342781,1
ZTF18acaqdaa,TDE,ZTF,5.048604186855784,0.0,626.1843519001268,4.048604186855784,-0.2419549987918046,1
ZTF21abmwftm,TDE,ZTF,1.8252193924531588,32.52863064572739,47.3873878542654,0.8252193924531588,-0.0465686247236121,1
ZTF22aaahtqz,TDE,ZTF,5.468626528126606,9.618940017571733,61.27621048231231,4.468626528126606,-0.1319212911166687,1
ZTF18acmqevd,TDE,ZTF,2.636728777224822,0.0,1490.958622700069,1.636728777224822,-0.1425500976562457,0
ZTF23aamsetv,TDE,ZTF,2.497313643252633,0.0,93.94055559998378,1.497313643252633,-0.1048816024749008,1
ZTF18acpdvos,TDE,ZTF,1.0264916642733235,2370.788266656702,207.28203424320964,0.0264916642733237,-0.1425500976562457,0
ZTF25aclckzl,TDE,ZTF,1.0361808104173236,5.04271356784011,36.76978643215989,0.0361808104173235,-0.4209072124155923,1
ZTF22aaigqsr,TDE,ZTF,1.5866463336970251,8.67166456887935,39.263370131324336,0.5866463336970251,-0.0542832633084842,1
ZTF22aagvrlq,TDE,ZTF,1.4116024281980843,12.837130066291138,27.07832123357366,0.4116024281980843,-0.0845677489670073,1
ZTF20achpcvt,TDE,ZTF,6.970595100932639,0.0,118.76738430000842,5.970595100932639,-0.1624183517805875,1
ZTF20acwytxn,TDE,ZTF,5.565985263531724,1.4653405336648575,290.1374256663039,4.565985263531724,-0.4352825852317608,1
ZTF25aabebve,TDE,ZTF,3.146871963542616,34.909664822989726,30.01578657677601,2.146871963542616,-0.1425500976562457,0
ZTF21acafvhf,TDE,ZTF,2.786520515755585,16.864036393992137,43.06352150609018,1.7865205157555848,-0.1298569174954842,1
ZTF19aaniqrr,TDE,ZTF,3.676784865421935,17.28941129998566,146.54834339988156,2.6767848654219346,-0.384467589642977,1
ZTF23abgnxfv,TDE,ZTF,1.9553843493172087,8.543413591964054,41.46068360804202,0.9553843493172092,0.1907383266552038,1
ZTF25aagrecw,TDE,ZTF,1.190083235221859,31.347179887452512,39.540192812579335,0.1900832352218591,-0.4475473986222766,1
ZTF19aavxfib,TDE,ZTF,1.7241938316743264,23.921724599786103,0.0,0.7241938316743264,0.549374775357176,1
ZTF25aafwfzz,TDE,ZTF,1.986910106615287,8.775759814023331,37.18150868574594,0.986910106615287,-0.2599784820831203,1
ZTF20aabqihu,TDE,ZTF,3.2412689362880456,17.690543846809305,46.31706025346648,2.2412689362880456,-0.0828692359185616,1
ZTF23abohtqf,TDE,ZTF,1.6290042156906015,13.932525233169144,33.06022936684167,0.6290042156906017,-0.3454328581959736,1
ZTF25aajfjhm,TDE,ZTF,2.2845247255136103,29.21733802575181,18.834317074448336,1.2845247255136103,-0.1825054925595957,1
ZTF21abqhkjd,TDE,ZTF,2.8872427449782165,16.045747139643936,80.71497046000877,1.8872427449782163,-0.2045786451297466,1
ZTF25abwvuln,TDE,ZTF,3.655550718329761,22.77697393205017,41.06271356764046,2.655550718329761,0.0799691220411027,1
ZTF20acaazkt,TDE,ZTF,15.433024274870515,958.050008655031,14.664030744723275,14.433024274870515,-0.1497330823884226,1
ZTF22aaabqko,TDE,ZTF,1.9066342297640329,0.0,39.95710649993998,0.9066342297640326,0.2058848541894349,1
ZTF25aaymnha,TDE,ZTF,2.558441815458697,27.437139859393938,48.39606614087825,1.5584418154586972,-0.1884728589065218,1
ZTF24aajvvhj,TDE,ZTF,1.1484760746996472,10.11656338495959,13.85005701512273,0.1484760746996472,-0.1958374140138055,1
ZTF26aasqaoq,TDE,ZTF,2.1941538584067946,3.2079878592921887,67.72418814068078,1.1941538584067946,0.2736942248241334,1
ZTF25aajmtzs,TDE,ZTF,2.103989689847212,1.9821091537669415,30.88786764616816,1.1039896898472117,-0.1425500976562457,0
ZTF19aapreis,TDE,ZTF,6.659024307222119,32.98800077086344,435.912867329258,5.659024307222119,-0.0344293446122456,1
ZTF20abgwfek,TDE,ZTF,2.3403402692959863,11.651111800907527,31.285392798730754,1.3403402692959865,-0.1504817884421072,1
ZTF25ablxhsq,TDE,ZTF,6.518626630574001,33.33158122613531,315.7728747738947,5.518626630574001,-0.2719526462791037,1
ZTF18aabtxvd,TDE,ZTF,1.5563093059618638,2413.3118342019443,168.672332497983,0.5563093059618638,-0.1425500976562457,0
ZTF19abzrhgq,TDE,ZTF,54.84947110216032,19.01324620804371,1872.8047514920252,53.84947110216032,-0.0340739244124872,1
ZTF25aaayywb,TDE,ZTF,1.5590480648931933,20.19796063395916,11.701993065711576,0.5590480648931933,-0.1425500976562457,0
ZTF20abfcszi,TDE,ZTF,5.634050882830362,55.70502500905423,736.1021161911194,4.634050882830362,-0.1204265050610651,1
ZTF22aaabovl,TDE,ZTF,3.610945842985084,13.834888745266651,81.10107195500314,2.610945842985084,-0.0612626206480833,1
ZTF22aacgcwv,TDE,ZTF,1.952379357426339,30.34424345741718,32.55684454285074,0.9523793574263392,0.0137436934161527,1
ZTF21aabiipy,TDE,ZTF,2.176463713935512,42.85574365766661,10.115020242184984,1.176463713935512,0.0701108501316518,1
ZTF24aakaiha,TDE,ZTF,2.135012002606485,29.00280220402783,44.991526495985454,1.135012002606485,-0.142004559866546,1
ZTF23abaujuy,TDE,ZTF,1.8042957574235068,21.709453522438707,10.291889077307133,0.8042957574235068,-0.0329797177271977,1
ZTF19accmaxo,TDE,ZTF,2.145773749757616,34.20547809352138,172.0639201068043,1.145773749757616,-0.0601188820201628,1
ZTF24abfuwbm,TDE,ZTF,1.3868699558871571,62.96453588235454,99.76199191749764,0.3868699558871573,-0.1300407646437342,1
ZTF21abxngcz,TDE,ZTF,2.351006864601788,62.602754418039694,135.14245398179628,1.351006864601788,-0.2170097523987664,1
ZTF21abjrysr,TDE,ZTF,3.270243553578433,13.55638649748289,23.398694502509898,2.270243553578433,-0.1172726021119316,1
ZTF22aaaihgr,TDE,ZTF,1.4964834065329191,22.56917649295792,34.28229340702819,0.4964834065329193,0.2635210779755041,1
UV_Ceti_sector0,stellar_flare,TESS,1.0278837193348949,21.431274640408446,4.260434115261887,0.0610433993116106,0.0880719734256487,0
UV_Ceti_sector1,stellar_flare,TESS,0.9991901579814436,25.69170874915108,0.0,2.923544539790157e-08,0.0880719734256487,0
UV_Ceti_sector2,stellar_flare,TESS,1.0299211736773972,5.996352189254594,45.88512979603547,0.041746145749816,0.0880719734256487,0
UV_Ceti_sector3,stellar_flare,TESS,1.0386392817197632,5.996352188070432,45.885129786974176,0.0546003229225218,0.0880719734256487,0
AD_Leo_sector0,stellar_flare,TESS,1.008165216700353,17.85639363148266,6.482115496360166,0.0204790855498053,0.0880719734256487,0
AD_Leo_sector1,stellar_flare,TESS,1.2151240234377176,19.22166460257404,6.623681721157027,0.3466709310683769,0.0880719734256487,0
AD_Leo_sector2,stellar_flare,TESS,1.0036363008009912,17.802342841254813,8.439629198816874,0.0071339054574117,0.0880719734256487,0
AD_Leo_sector3,stellar_flare,TESS,1.0418227555547588,4.009063351556051,19.455748617845984,0.0884512161673986,0.0880719734256487,0
EV_Lac_sector0,stellar_flare,TESS,1.0212160928285354,2.427880343384913,20.57917624392917,0.0291578376580442,0.0880719734256487,0
EV_Lac_sector1,stellar_flare,TESS,1.007102422878726,20.73555586446173,7.145360466807688,0.0221145595687537,0.0880719734256487,0
EV_Lac_sector2,stellar_flare,TESS,1.027421908832646,10.549842423174596,18.20931705917792,0.0422835304724039,0.0880719734256487,0
EV_Lac_sector3,stellar_flare,TESS,1.0090182480903214,1.7530476499250651,23.16527251686693,0.0373418814316927,0.0880719734256487,0
EV_Lac_sector4,stellar_flare,TESS,1.0113120239592417,25.49072964910056,0.2587891334933374,0.0384062855629661,0.0880719734256487,0
YZ_CMi_sector0,stellar_flare,TESS,1.022476240237073,15.111398531170607,9.337124295682544,0.0389794488182668,0.0880719734256487,0
YZ_CMi_sector1,stellar_flare,TESS,1.0053756877396605,2.133984120723653,22.846182939510527,0.0166175535157544,0.0880719734256487,0
YZ_CMi_sector2,stellar_flare,TESS,1.0151716712968994,5.842087954781164,18.89356104524996,0.0237265229308032,0.0880719734256487,0
AU_Mic_sector0,stellar_flare,TESS,1.0389123786935306,22.606759855769724,4.494114911086854,0.0527475669536502,0.0880719734256487,0
AU_Mic_sector1,stellar_flare,TESS,1.0241255061153414,3.7952206632071466,20.56764746512249,0.034619827726499,0.0880719734256487,0
AU_Mic_sector2,stellar_flare,TESS,1.0502754938585812,0.4848883315075909,23.63830616100313,0.1079014676787688,0.0880719734256487,0
Proxima_Centauri_sector0,stellar_flare,TESS,1.0022351894486263,0.0,24.95594927523961,0.003584123778245,0.0880719734256487,0
Proxima_Centauri_sector1,stellar_flare,TESS,1.000646143327914,24.847285671409963,3.0883631907968265,0.0011813506698264,0.0880719734256487,0
Proxima_Centauri_sector2,stellar_flare,TESS,1.0005615272865624,8.451522846560692,18.24455725606731,0.0009320561079569,0.0880719734256487,0
Proxima_Centauri_sector3,stellar_flare,TESS,0.5474439882681638,22.80569742893704,3.890383679054139,0.0777909131531597,0.0880719734256487,0
Proxima_Centauri_sector4,stellar_flare,TESS,1.0006465398718531,5.745970560813476,22.14300850264636,0.0010639621658143,0.0880719734256487,0
Proxima_Centauri_sector5,stellar_flare,TESS,1.0009237293660191,20.61726827564371,5.852643897601865,0.0021629303443209,0.0880719734256487,0
Proxima_Centauri_sector6,stellar_flare,TESS,1.0028943002237187,0.6243421969829797,24.22447724293943,0.0050494324872761,0.0880719734256487,0
Proxima_Centauri_sector7,stellar_flare,TESS,1.003724582949634,13.136530934763869,11.068743657994672,0.006920603089461,0.0880719734256487,0
Proxima_Centauri_sector8,stellar_flare,TESS,1.0030818923568627,9.453086798607274,18.211093685552896,0.0054441400651811,0.0880719734256487,0
GJ_1243_sector0,stellar_flare,TESS,1.0085541586655915,22.667500281014554,4.182693504234749,0.0122555378059928,0.0880719734256487,0
GJ_1243_sector1,stellar_flare,TESS,1.0100398879462469,20.80913548624335,5.235002638048627,0.0147132284115568,0.0880719734256487,0
GJ_1243_sector2,stellar_flare,TESS,1.003943644474184,16.167165104142896,10.421808910108666,0.0057941285872376,0.0880719734256487,0
GJ_1243_sector3,stellar_flare,TESS,1.0022224558102977,24.911457584987147,1.3180665388881607,0.0041293558088376,0.0880719734256487,0
GJ_1243_sector4,stellar_flare,TESS,1.0016256371645196,27.025865796174912,0.1364942716977566,0.0036981935311234,0.0880719734256487,0
GJ_1243_sector5,stellar_flare,TESS,1.0088131228410235,18.920706552025425,7.782985673883104,0.0162505800366022,0.0880719734256487,0
GJ_1243_sector6,stellar_flare,TESS,1.0101067920541558,12.248039411046648,15.44923152984302,0.0190133664074501,0.0880719734256487,0
GJ_1243_sector7,stellar_flare,TESS,1.0081128747059984,3.6122829374558014,23.0115801941638,0.0121705463886393,0.0880719734256487,0
GJ_1243_sector8,stellar_flare,TESS,1.008107016085877,23.514130373312128,2.338421805080543,0.0135448299855012,0.0880719734256487,0
Ross_154_sector0,stellar_flare,TESS,1.001746721250672,2.6801390536561485,22.71736912146661,0.0040913396439716,0.0880719734256487,0
Ross_128_sector0,stellar_flare,TESS,1.0000198337838475,19.625746884519685,6.068487523502881,2.165860711889067e-06,0.0880719734256487,0
Wolf_359_sector0,stellar_flare,TESS,1.0023131255121664,23.57070552017194,0.3607761049006512,0.0045321085963679,0.0880719734256487,0
Wolf_359_sector1,stellar_flare,TESS,1.0015571237878822,23.847169573210067,1.5302996517566498,0.0037811963659456,0.0880719734256487,0
Wolf_359_sector2,stellar_flare,TESS,1.0024677517016434,0.0,23.31479699212377,0.0037670518660295,0.0880719734256487,0
Lalande_21185_sector0,stellar_flare,TESS,1.0012376694576046,26.353701764707463,0.0,0.0027001471720383,0.0880719734256487,0
Lalande_21185_sector1,stellar_flare,TESS,1.0011877285631423,26.35370177355435,0.0,0.002325628930816,0.0880719734256487,0
Lalande_21185_sector2,stellar_flare,TESS,1.0001389498795097,1.7064106772354537,24.414798920442536,0.0003119668719273,0.0880719734256487,0
Lalande_21185_sector3,stellar_flare,TESS,1.0001337985895655,1.706410677843451,24.41479892914822,0.0003001626379048,0.0880719734256487,0
TZ_Ari_sector0,stellar_flare,TESS,1.0036558501748316,0.854316313396339,23.43267602458081,0.0068415337015944,0.0880719734256487,0
TZ_Ari_sector1,stellar_flare,TESS,1.003235830920053,19.30637890281924,4.705929857562296,0.0068753000414556,0.0880719734256487,0
GJ_1111_sector0,stellar_flare,TESS,1.0077841961348235,26.04476467777681,0.2644138545967962,0.0145096213348846,0.0880719734256487,0
GJ_1111_sector1,stellar_flare,TESS,1.0067757505135069,1.6913441034830612,22.349904224597594,0.0131538076923587,0.0880719734256487,0
GJ_1111_sector2,stellar_flare,TESS,1.0060655160229997,4.7826095759573946,19.62096236290108,0.0113828317109456,0.0880719734256487,0
GJ_1111_sector3,stellar_flare,TESS,1.0060021585626544,0.7825848694819797,25.17314663500474,0.0109601400010527,0.0880719734256487,0
GJ_1111_sector4,stellar_flare,TESS,1.0060274477607016,0.0,26.75739066152073,0.0106432782962004,0.0880719734256487,0
GJ_1111_sector5,stellar_flare,TESS,1.0029975045497252,15.547261921171412,8.07033443236378,0.0068110005787015,0.0880719734256487,0
GJ_1111_sector6,stellar_flare,TESS,1.0033105453574898,1.4077420844209882,21.93731414889453,0.0068124179304841,0.0880719734256487,0
V1216_Sgr_sector0,stellar_flare,TESS,1.001746721373527,2.6801390536561485,22.71736912146661,0.0040913393942981,0.0880719734256487,0
EQ_Peg_sector0,stellar_flare,TESS,1.0208870548413824,6.024509068439784,21.856358480851213,0.043584200204497,0.0880719734256487,0
EQ_Peg_sector1,stellar_flare,TESS,1.0132253130336897,6.887338795466803,18.03230520995021,0.0268738620347769,0.0880719734256487,0
V1005_Ori_sector0,stellar_flare,TESS,1.0089811657481682,0.0,25.69752226658352,0.0405904074979234,0.0880719734256487,0
V1005_Ori_sector1,stellar_flare,TESS,1.0255760296694998,10.151777878066696,15.748270810847316,0.0430516174823384,0.0880719734256487,0
V1005_Ori_sector2,stellar_flare,TESS,1.0182677152918789,50.823716505265566,1.0425377744668367,0.041703439551301,0.0880719734256487,0
V371_Ori_sector0,stellar_flare,TESS,1.0066748905716287,6.017327611039264,15.754457745266109,0.0138750668969634,0.0880719734256487,0
V371_Ori_sector1,stellar_flare,TESS,1.0065321603268862,16.00966810712589,9.892152651557808,0.0130050062846209,0.0880719734256487,0
V371_Ori_sector2,stellar_flare,TESS,1.0091235573549782,0.0,52.35452819170087,0.0138987151791535,0.0880719734256487,0
GJ_896A_sector0,stellar_flare,TESS,1.0208870548413824,6.024509068439784,21.856358480851213,0.043584200204497,0.0880719734256487,0
GJ_896A_sector1,stellar_flare,TESS,1.0132253130336897,6.887338795466803,18.03230520995021,0.0268738620347769,0.0880719734256487,0
GJ_1156_sector0,stellar_flare,TESS,1.012464902900055,21.72134182095988,2.69982779695556,0.0193798397428355,0.0880719734256487,0
GJ_1245A_sector0,stellar_flare,TESS,1.0050435010768983,16.865696488332787,9.98449232109283,0.0102052742641911,0.0880719734256487,0
GJ_1245A_sector1,stellar_flare,TESS,1.0058193348214686,22.24872457521974,3.795370662831601,0.0108248937220117,0.0880719734256487,0
GJ_1245A_sector2,stellar_flare,TESS,1.0043038736616248,16.968833881735918,9.62012629515766,0.0084276375859703,0.0880719734256487,0
GJ_1245A_sector3,stellar_flare,TESS,1.0048490557025218,1.8452937789652424,24.38423922204356,0.0102851929215035,0.0880719734256487,0
GJ_1245A_sector4,stellar_flare,TESS,1.006059958296187,2.3203999048655533,24.84192839326579,0.0115216102957336,0.0880719734256487,0
GJ_3236_sector0,stellar_flare,TESS,1.0114939374555765,4.252336331774131,20.63633808066902,0.0271184612893288,0.0880719734256487,0
GJ_3236_sector1,stellar_flare,TESS,1.0119441298786251,24.884511706457488,0.7736117628951433,0.027658647487127,0.0880719734256487,0
GJ_3236_sector2,stellar_flare,TESS,1.025217584508338,1.1053351283626398,23.33485270987512,0.0461730610087828,0.0880719734256487,0
GJ_3236_sector3,stellar_flare,TESS,1.0300677923662316,17.779585396268885,7.13687582807961,0.0445993590432797,0.0880719734256487,0
GJ_3236_sector4,stellar_flare,TESS,1.0410537856966675,3.507971599422945,23.3415033346214,0.0657591519970292,0.0880719734256487,0
GJ_3338_sector0,stellar_flare,TESS,1.0002672554233665,13.096924685080468,11.260907205863532,0.0004185396455377,0.0880719734256487,0
GJ_3737_sector0,stellar_flare,TESS,1.0003377532282367,0.1224328456778494,24.24170344420372,0.0005659661187197,0.0880719734256487,0
GJ_3737_sector1,stellar_flare,TESS,1.003347668011341,9.849050352413542,14.960582813792826,0.0055627275435531,0.0880719734256487,0
GJ_3737_sector2,stellar_flare,TESS,1.0000811387166797,13.995456295190706,10.013990280180224,0.0001498012322915,0.0880719734256487,0
GJ_424_sector0,stellar_flare,TESS,1.0006798042764231,12.939293224937272,12.305014145283394,0.0011360607517533,0.0880719734256487,0
GJ_424_sector1,stellar_flare,TESS,0.9999878680742248,26.588921024092546,0.0,6.084992731913985e-09,0.0880719734256487,0
GJ_424_sector2,stellar_flare,TESS,1.000001004995302,0.0,26.4810785781292,1.07507047708566e-09,0.0880719734256487,0
GJ_424_sector3,stellar_flare,TESS,1.0003291250892512,0.0,25.584464777820813,0.0005451119151007,0.0880719734256487,0
GJ_424_sector4,stellar_flare,TESS,1.0000700011558934,11.406502467550126,15.29813272118463,0.000504180514413,0.0880719734256487,0
GJ_424_sector5,stellar_flare,TESS,1.0010033310091282,0.8350834840944117,26.8618520717032,0.0015561526188371,0.0880719734256487,0
GJ_1002_sector1,stellar_flare,TESS,1.0002331336887331,2.3345062892940405,22.11637537226079,0.0004387021456644,0.0880719734256487,0
TRAPPIST-1_sector0,stellar_flare,TESS,1.00389458864976,4.30710404236379,19.50160996959039,0.0058603556928354,0.0880719734256487,0
LHS_1140_sector0,stellar_flare,TESS,1.000042985525906,0.0,20.27749901844232,2.889490868795974e-09,0.0880719734256487,0
LHS_1140_sector1,stellar_flare,TESS,1.0004212104429353,16.67151382970269,9.24748032741354,0.0013360566155232,0.0880719734256487,0
Teegarden's_Star_sector0,stellar_flare,TESS,1.0012199773538073,20.05378190086094,3.986595197159204,0.0020497473708978,0.0880719734256487,0
Teegarden's_Star_sector1,stellar_flare,TESS,1.0006015631371532,14.681194892991243,9.266000055412404,0.0011701083081339,0.0880719734256487,0
Teegarden's_Star_sector2,stellar_flare,TESS,1.000698994071292,14.894311345318783,9.400507980241857,0.0015324850086715,0.0880719734256487,0
GJ_1061_sector0,stellar_flare,TESS,1.0003693604043804,9.069093005762852,11.208991355437092,0.0007121859281644,0.0880719734256487,0
GJ_1061_sector1,stellar_flare,TESS,1.000060052378532,6.449560153442008,19.21968925725741,6.362237427126605e-05,0.0880719734256487,0
GJ_1061_sector2,stellar_flare,TESS,1.0000301430248788,26.14756413970508,0.0,1.887929589150517e-05,0.0880719734256487,0
GJ_1061_sector3,stellar_flare,TESS,1.0001630443463754,21.46762094443648,3.961287198080754,0.00032022847872,0.0880719734256487,0
GJ_1061_sector4,stellar_flare,TESS,1.0002951776538946,21.30901663215764,31.04276497030424,0.0010459781211741,0.0880719734256487,0
YZ_Cet_sector0,stellar_flare,TESS,1.0013200153502255,6.521021252821811,13.755279205170837,0.0020895590804221,0.0880719734256487,0
YZ_Cet_sector1,stellar_flare,TESS,1.0017546162901243,23.73297706841504,2.2168165393572963,0.0033189857397806,0.0880719734256487,0
YZ_Cet_sector2,stellar_flare,TESS,1.0344244557199598,23.73297706798894,2.2168165393177333,0.0644697362719262,0.0880719734256487,0
YZ_Cet_sector3,stellar_flare,TESS,1.0010517584448344,14.053385528584386,37.73594262305096,0.0021494481866729,0.0880719734256487,0
YZ_Cet_sector4,stellar_flare,TESS,1.0205688811936002,14.053385528584386,37.73594262305096,0.0420592519340737,0.0880719734256487,0
Luyten's_Star_sector0,stellar_flare,TESS,1.000070093207516,8.108951545310447,16.3407659928223,0.0001673998545017,0.0880719734256487,0
Lacaille_8760_sector0,stellar_flare,TESS,1.0001037211474868,3.351051361827558,24.43474951332678,0.0002034771763742,0.0880719734256487,0
Lacaille_8760_sector1,stellar_flare,TESS,1.0001346524558612,0.0,22.69266853834188,0.0002318208102664,0.0880719734256487,0
Lacaille_8760_sector2,stellar_flare,TESS,1.0002991089907165,9.508251015347469,15.065021089251786,0.0005804086869346,0.0880719734256487,0
Lacaille_8760_sector3,stellar_flare,TESS,1.000367611450348,18.547116077886585,5.57625712145591,0.000752393655989,0.0880719734256487,0
Lacaille_8760_sector4,stellar_flare,TESS,1.0005243773168362,0.0,26.320739127233537,0.0007988300987051,0.0880719734256487,0
Lacaille_9352_sector0,stellar_flare,TESS,1.0001486019914123,4.131416996173584,23.273649078444805,0.00030285632337,0.0880719734256487,0
Lacaille_9352_sector1,stellar_flare,TESS,1.019210790151874,12.256536363693384,15.148528089958065,0.0332972164287547,0.0880719734256487,0
Lacaille_9352_sector2,stellar_flare,TESS,1.0001936362858947,21.32631092309112,0.6629941219612192,0.0003925060483198,0.0880719734256487,0
Lacaille_9352_sector3,stellar_flare,TESS,1.0038445474886146,1.3202092504570828,20.573260819619463,0.0058011430036684,0.0880719734256487,0
Lacaille_9352_sector4,stellar_flare,TESS,1.000516011292204,22.64109415607527,1.452904437822781,0.001359246766761,0.0880719734256487,0
Lacaille_9352_sector5,stellar_flare,TESS,1.0058259495375834,20.934747435130703,3.0078660107947144,0.0101551856900004,0.0880719734256487,0
Lacaille_9352_sector6,stellar_flare,TESS,1.0006529733151792,14.725361605835133,9.492381861613012,0.0011317832312244,0.0880719734256487,0
Lacaille_9352_sector7,stellar_flare,TESS,1.0092844644142365,8.566170489912565,15.443236939560848,0.0381481497583405,0.0880719734256487,0
Gliese_1_sector0,stellar_flare,TESS,1.0000442867845436,18.040833423143567,9.36470742575375,0.0001085191254543,0.0880719734256487,0
Gliese_1_sector1,stellar_flare,TESS,1.000125518061129,9.324392303279184,15.09079280662263,0.0002398308869134,0.0880719734256487,0
Gliese_1_sector2,stellar_flare,TESS,1.0003510002629046,0.7221936391929376,23.23056206071169,0.0006752212903901,0.0880719734256487,0
Gliese_1_sector3,stellar_flare,TESS,1.000764564335954,13.62094040066586,10.580551918374113,0.0016652959210867,0.0880719734256487,0
Gliese_1_sector4,stellar_flare,TESS,1.000664318869903,5.991480915949978,17.85461312953248,0.0015956107822943,0.0880719734256487,0
Gliese_876_sector0,stellar_flare,TESS,1.0001367436295547,5.784033738121707,21.62126897345547,0.0002935974902678,0.0880719734256487,0
Gliese_876_sector1,stellar_flare,TESS,1.0001665539289577,10.389346016906076,13.933946422673673,0.0003900711696213,0.0880719734256487,0
Gliese_876_sector2,stellar_flare,TESS,1.00049566312537,1.1432135113036566,21.606735363635835,0.0011854783189382,0.0880719734256487,0
Gliese_876_sector3,stellar_flare,TESS,1.0004600153722456,0.0,23.972366762017373,0.0009321928212501,0.0880719734256487,0
Gliese_876_sector4,stellar_flare,TESS,1.0011267028630435,13.119559868064698,11.984213341020675,0.0025799375439421,0.0880719734256487,0
Gliese_682_sector0,stellar_flare,TESS,1.0005635548616274,18.90108896592119,5.682680342695221,0.0015271071466224,0.0880719734256487,0
Gliese_682_sector1,stellar_flare,TESS,1.0001423091870858,25.040017281919063,2.7977672940692173,0.0002508474336558,0.0880719734256487,0
Gliese_832_sector0,stellar_flare,TESS,1.0002145091798238,27.88023477182469,0.0,0.0004505392819188,0.0880719734256487,0
Gliese_832_sector1,stellar_flare,TESS,1.0001931723913935,9.912611676014194,14.440594787280132,0.0003510171910324,0.0880719734256487,0
Gliese_832_sector2,stellar_flare,TESS,1.0004194593406632,0.0,23.31765516880978,0.0005799979226429,0.0880719734256487,0
Gliese_832_sector3,stellar_flare,TESS,1.000079637943813,9.889686259557948,14.407197267010815,0.0001431677141362,0.0880719734256487,0
Gliese_832_sector4,stellar_flare,TESS,1.0003379138828572,13.602763225203944,10.352545463429578,0.000682775932748,0.0880719734256487,0
Gliese_832_sector5,stellar_flare,TESS,1.0001169299242667,0.0,26.33587174672175,0.0002671702056279,0.0880719734256487,0
Kepler-411_sector0,stellar_flare,TESS,1.0051608300941717,9.039933190010515,17.81001762808023,0.0104510529698694,0.0880719734256487,0
Kepler-411_sector1,stellar_flare,TESS,1.0051345190969518,17.61941764507742,7.247703712159591,0.0107284876052384,0.0880719734256487,0
Kepler-411_sector2,stellar_flare,TESS,1.0054831209630375,2.8341998521477763,25.366088676724303,0.0106490943200427,0.0880719734256487,0
Kepler-411_sector3,stellar_flare,TESS,1.00571421035384,15.098137957862946,11.49061826881598,0.0111677286378955,0.0880719734256487,0
Kepler-411_sector4,stellar_flare,TESS,1.0037625874914846,17.073373865219764,7.908989364035733,0.006584547968118,0.0880719734256487,0
Kepler-411_sector5,stellar_flare,TESS,1.003669797917724,13.707751739741523,12.521503993033548,0.0068678878752673,0.0880719734256487,0
Kepler-411_sector6,stellar_flare,TESS,1.0048252925370782,24.2958290500801,2.86636185422276,0.0092072494077874,0.0880719734256487,0
Kepler-411_sector7,stellar_flare,TESS,1.0055749294450715,11.94298914460296,14.760997819172644,0.0105852856122611,0.0880719734256487,0
Kepler-411_sector8,stellar_flare,TESS,1.0056592080458442,16.14525692769803,11.55220969826678,0.0098838996580413,0.0880719734256487,0
Kepler-411_sector9,stellar_flare,TESS,1.0049754781520284,15.948294595983498,10.499293942355507,0.0115645188654156,0.0880719734256487,0
Kepler-411_sector10,stellar_flare,TESS,1.0054961331596184,16.054438053507056,10.569171718558664,0.0103356275531677,0.0880719734256487,0
Kepler-411_sector11,stellar_flare,TESS,1.0060832244674454,9.743372146633646,16.109041949101538,0.0121327214024955,0.0880719734256487,0
AT_Mic_sector0,stellar_flare,TESS,1.0143828022973622,8.30771634110738,18.79450582086588,0.0240558871883843,0.0880719734256487,0
AT_Mic_sector1,stellar_flare,TESS,1.0398416864641766,14.201447192898511,10.16138031905666,0.0566418943722291,0.0880719734256487,0
