Model,feature,perm_importance,perm_std
Random Forest,peak_val,0.001111111111111111,0.03386611256472926
Random Forest,rise_time,0.1555555555555555,0.05599823630379623
Random Forest,decay_time,0.007777777777777776,0.043617303169756705
Random Forest,amplitude,-0.019999999999999997,0.039063101847215426
Random Forest,color_g_r,0.24111111111111108,0.07080663985046587
Random Forest,has_color,0.0033333333333333327,0.021688023662159033
Logistic Regression,peak_val,0.017777777777777767,0.03189488909868294
Logistic Regression,rise_time,0.001111111111111111,0.005983516452371671
Logistic Regression,decay_time,0.0522222222222222,0.02536158269002961
Logistic Regression,amplitude,0.017777777777777767,0.03189488909868294
Logistic Regression,color_g_r,0.11555555555555554,0.07238443322178811
Logistic Regression,has_color,-0.0044444444444444635,0.04449996532111287
Bagging (Trees),peak_val,0.07777777777777774,0.026293687924887177
Bagging (Trees),rise_time,0.17222222222222217,0.05448977704550769
Bagging (Trees),decay_time,0.05111111111111111,0.03624334762288909
Bagging (Trees),amplitude,0.06444444444444443,0.03212629398844657
Bagging (Trees),color_g_r,0.26555555555555554,0.07377811244904015
Bagging (Trees),has_color,0.007777777777777776,0.014098419489388352
Bagging (SVM),peak_val,0.02000000000000003,0.026666666666666682
Bagging (SVM),rise_time,0.0022222222222222253,0.008314794192830991
Bagging (SVM),decay_time,0.012222222222222247,0.034942633763369764
Bagging (SVM),amplitude,0.017777777777777802,0.02685121327465462
Bagging (SVM),color_g_r,0.13111111111111115,0.0660714166547489
Bagging (SVM),has_color,-0.012222222222222209,0.04344714399114923
